#IT,#IT #infotech #infosec
@Dijkstra,@Dijkstra_Doen #freeCodeCamp #100DaysOfCode #CodeNewbie
@Microsoft,#GitHub @GitHub #githubdown @GitHubVSCode #Bitbucket
#Programming,#Coding #C #JavaScript #TypeScript #PHP #Python #Java #developer #FullStack
#math,#VennDiagram @biconnections #MachineLearning #BigData #Analytics #DataScience #AI
#React,@createreactapp #chartjs @react_bootstrap #bootstrap4
#GraphQL,@GoogleCloud #IoT #IIoT #RStats #TensorFlow #CloudComputing #Serverless #DataScientist #VR #virtual
#unix,#OS @thorpej @jschauma @obache @MayaPosch @_taca_ @yendo0206 @jakllsch @asarch #netbsd #NetBSD @NetBSD @linux #linux
#hardware,#USB #Dongle #Realtek #RTL8192EU #WiFi #driver
#bikes,#bicycleschangelives @myMotorhead @nposouljazz @Radio6NL #music #dance #hall #MusicHall #chaturbate #sucks #error
#life,@Anabelmist @lbryvxn #culture #Nederland #Moszkowicz #mondkapjes #nl #all #anyone #Earth @WHO @Twitter #twitter #tech #URL @SpeakerPelosi @realDonaldTrump @GretaThunberg
#unknown,â€¦